Email,Gender,FirstName,LastName,Age,id
stevensonbeth@example.org,,,,,1
lesterdevin@example.com,Female,Kaylee,Freeman,21,2
vmolina@example.org,,,,,3
vargasjennifer@example.org,,,,,4
aimeesnow@example.org,,,,,5
tcervantes@example.com,,,,,6
terrance46@example.net,,,,,7
bethanysolis@example.com,Female,Monica,Barker,46,8
marvinbarrett@example.com,,,,,9
gilbertrodriguez@example.org,,,,,10
dudleykara@example.org,Male,Rodney,Riddle,62,11
anna73@example.org,,,,,12
jodybuchanan@example.org,,,,,13
cristinawelch@example.org,,,,,14
pedroparsons@example.com,Male,Taylor,Mitchell,56,15
ross25@example.net,,,,,16
drosales@example.com,Female,Lynn,Boone,50,17
kfreeman@example.com,Female,Maria,Church,38,18
davidbrandi@example.net,Female,Sabrina,Friedman,60,19
mandy85@example.org,Female,Isabel,Trujillo,48,20
cschaefer@example.net,Male,Kyle,Harrell,30,21
danny70@example.org,,,,,22
jordanvang@example.net,,,,,23
ross07@example.com,Female,Jennifer,English,25,24
umccoy@example.org,,,,,25
lukebridges@example.net,,,,,26
mallory61@example.com,,,,,27
mswanson@example.org,,,,,28
cathy44@example.org,,,,,29
allisonricky@example.org,,,,,30
francismaxwell@example.org,,,,,31
marisawilliams@example.com,Male,Clifford,Holt,31,32
mckeesharon@example.com,Male,Joshua,Carr,27,33
qoneill@example.com,,,,,34
dturner@example.net,,,,,35
jocelyn58@example.net,Female,Emily,Tanner,40,36
daryl87@example.com,,,,,37
arush@example.net,,,,,38
wchan@example.org,,,,,39
flowersricardo@example.net,,,,,40
tina22@example.org,,,,,41
valenzuelarick@example.org,,,,,42
xgibson@example.com,,,,,43
harmongerald@example.net,Female,Diana,Woodard,28,44
enelson@example.net,,,,,45
blairnathaniel@example.com,,,,,46
pachecoebony@example.com,Female,Heidi,Lozano,16,47
bowerstom@example.net,,,,,48
alicecole@example.com,,,,,49
lonniehendrix@example.net,Female,Eileen,Buchanan,47,50
bhorne@example.org,,,,,51
darinhorne@example.net,Male,Kelly,Beck,47,52
clintonmoran@example.com,,,,,53
coffeykerri@example.net,,,,,54
francisco78@example.net,,,,,55
rebecca91@example.org,,,,,56
larrychang@example.org,,,,,57
tsanchez@example.net,,,,,58
tarabeck@example.org,Male,Jared,Burns,41,59
parsonsray@example.net,,,,,60
wmcdonald@example.org,Male,Cristian,Calderon,49,61
fstafford@example.com,,,,,62
christina43@example.org,Female,Isabella,Cross,21,63
hannakristina@example.net,Female,Julie,Mercado,27,64
emily91@example.com,Female,Kaitlin,Richardson,60,65
gcantrell@example.net,,,,,66
bhopkins@example.com,,,,,67
qbaird@example.com,,,,,68
jeromeschultz@example.com,,,,,69
flynnisaac@example.net,,,,,70
bassjerome@example.com,,,,,71
lutzmallory@example.net,,,,,72
hancockmeagan@example.net,,,,,73
brewerethan@example.com,Female,Alexandria,Glenn,17,74
leah46@example.org,Female,Jamie,Parsons,20,75
isnow@example.org,,,,,76
jgiles@example.org,Female,Savannah,Schultz,19,77
hickslevi@example.net,,,,,78
ystokes@example.org,,,,,79
mccluregerald@example.org,Male,Darryl,Bernard,52,80
lacey72@example.org,Female,Aimee,Silva,35,81
edgar70@example.net,,,,,82
ugraves@example.net,,,,,83
santosmarco@example.net,,,,,84
camachodoris@example.com,,,,,85
zroy@example.com,,,,,86
zdavid@example.net,,,,,87
francisbuckley@example.org,,,,,88
ortegaherbert@example.org,Female,Carly,Lambert,65,89
norma68@example.com,,,,,90
rose25@example.com,Female,Jessica,Dunn,53,91
goodwinpam@example.com,Female,Gabriella,Benitez,49,92
hhartman@example.net,Female,Virginia,Lindsey,46,93
bradfordadam@example.org,,,,,94
bberger@example.com,,,,,95
candiceharper@example.com,,,,,96
bonnie72@example.net,,,,,97
tcollins@example.com,Female,Helen,Brady,61,98
julia31@example.org,,,,,99
warrenrhodes@example.com,Female,Tracie,Gonzales,29,100
vgreen@example.org,,,,,101
vcompton@example.org,,,,,102
gvazquez@example.org,,,,,103
uburch@example.org,,,,,104
jhawkins@example.net,,,,,105
janetkidd@example.net,Female,Karina,Murillo,23,106
kari45@example.com,Female,Gina,Ortiz,43,107
crystal11@example.com,,,,,108
jeffery67@example.com,,,,,109
xmejia@example.com,Female,Debra,Mccann,16,110
guy44@example.net,Female,Rose,Dillon,56,111
erikacervantes@example.org,,,,,112
elijahthompson@example.com,Female,Danielle,Spears,20,113
lgrimes@example.net,Female,Mackenzie,Travis,50,114
linclayton@example.com,,,,,115
melvinjones@example.net,,,,,116
claudianunez@example.net,Female,Christy,Wolfe,56,117
carrie45@example.net,Female,Kristin,Welch,48,118
dshaffer@example.org,,,,,119
solomonjennifer@example.net,,,,,120
brandy56@example.org,,,,,121
stephaniewhitney@example.net,Male,Ryan,Frederick,35,122
jill86@example.org,Male,Darrell,Weber,46,123
katherinestark@example.com,,,,,124
wlester@example.org,,,,,125
angela32@example.net,,,,,126
zhumphrey@example.com,Male,Melvin,Ingram,33,127
phaas@example.com,,,,,128
aclements@example.net,Female,Amber,Garrett,23,129
mbarrera@example.com,,,,,130
fred74@example.com,,,,,131
darinkerr@example.com,Male,Lawrence,Hardin,61,132
ebarrera@example.net,Female,Annette,Buchanan,31,133
downskathryn@example.net,Female,Alejandra,Fuentes,35,134
donald95@example.net,,,,,135
rsims@example.org,,,,,136
ralph79@example.org,,,,,137
cassie73@example.org,,,,,138
tom07@example.net,Male,Travis,Rich,20,139
nbeard@example.org,,,,,140
brooksdaisy@example.org,,,,,141
srich@example.com,Female,Maria,Bridges,43,142
mendezstephen@example.com,,,,,143
karla75@example.com,Female,Nichole,Moody,58,144
mhutchinson@example.net,,,,,145
alvin06@example.com,,,,,146
limichaela@example.org,Female,Breanna,Terry,33,147
xdonovan@example.net,,,,,148
jandrade@example.com,,,,,149
yvonnemurray@example.com,,,,,150
scott09@example.com,,,,,151
walshangela@example.com,,,,,152
swang@example.net,Male,Evan,Reese,57,153
npacheco@example.com,Male,Mathew,Good,27,154
freemankenneth@example.net,Female,Lynn,Taylor,60,155
jeanettepollard@example.net,Male,Erik,Middleton,18,156
hjensen@example.com,Female,Sylvia,Ortiz,57,157
murillopriscilla@example.net,Male,Nicholas,Barber,20,158
dominic72@example.com,,,,,159
evangraves@example.net,,,,,160
xhoward@example.net,,,,,161
sheppardalex@example.org,,,,,162
alexandria51@example.org,,,,,163
qcastaneda@example.com,,,,,164
elijah07@example.com,Female,Jennifer,Howell,33,165
xthomas@example.net,Male,Garrett,Hoffman,23,166
beverly74@example.net,,,,,167
comptonsylvia@example.net,,,,,168
rmatthews@example.com,,,,,169
kristidavid@example.com,Female,Ruth,Walter,61,170
masonannette@example.com,,,,,171
ejenkins@example.org,,,,,172
middletonmegan@example.org,Female,Diamond,Sloan,28,173
reginald92@example.com,Male,Antonio,Steele,37,174
wernerlindsay@example.net,,,,,175
peggy08@example.com,Female,Sherry,Jennings,19,176
tamarahartman@example.com,Male,Matthew,Curtis,18,177
areed@example.net,,,,,178
glovercolin@example.net,,,,,179
brocha@example.com,,,,,180
julian24@example.net,,,,,181
johnathan61@example.net,,,,,182
isimpson@example.net,Female,Selena,Cooper,51,183
trivera@example.net,Male,Leslie,Horn,27,184
turnerlisa@example.org,Male,Gabriel,Barron,38,185
kabbott@example.net,,,,,186
marcooliver@example.com,,,,,187
alexanderkaren@example.net,,,,,188
christysilva@example.net,,,,,189
hernandezjade@example.net,Female,Gina,Gates,52,190
edwin70@example.org,Female,Kimberly,Olson,26,191
kristyherring@example.net,,,,,192
kerrlaura@example.com,,,,,193
staceyserrano@example.net,Female,Bridget,Dixon,58,194
zimmermandarius@example.com,Male,Steven,Fox,22,195
dparsons@example.org,,,,,196
oliviaaustin@example.org,,,,,197
hdixon@example.net,,,,,198
rhodessavannah@example.com,Male,Kristopher,Mcmillan,23,199
guerravincent@example.com,Male,Francis,Roth,38,200
cdaugherty@example.com,Male,Dustin,Crosby,48,201
qshepherd@example.org,,,,,202
tracy35@example.org,,,,,203
terry81@example.org,Female,Krista,Berger,20,204
cjoyce@example.net,,,,,205
adriana25@example.com,,,,,206
stacey66@example.net,Female,Erin,Preston,34,207
ypreston@example.org,Male,Joe,Petty,21,208
serranotina@example.org,,,,,209
xavierwashington@example.net,,,,,210
betty32@example.org,,,,,211
beckybarry@example.com,,,,,212
chelseycoffey@example.net,,,,,213
fburnett@example.com,,,,,214
mitchellfarrell@example.org,Female,Robin,Mendez,45,215
odonnellclarence@example.com,,,,,216
charleneduncan@example.com,,,,,217
qarcher@example.org,,,,,218
joseroberts@example.net,Male,Lance,Downs,43,219
jerry84@example.org,Female,Crystal,Murillo,53,220
robleslogan@example.net,,,,,221
valenzuelabrendan@example.org,,,,,222
velasquezivan@example.com,,,,,223
tashamichael@example.org,,,,,224
barajasantonio@example.com,,,,,225
hayesmichael@example.net,,,,,226
marcbenton@example.org,,,,,227
matthewgarcia@example.com,Male,Daniel,Cohen,42,228
acevedocassandra@example.com,,,,,229
jvilla@example.com,Female,Danielle,Berg,33,230
chanbrenda@example.net,,,,,231
alex11@example.net,Male,Jon,Zuniga,47,232
theodoresosa@example.org,Female,Alicia,Powers,52,233
desireequinn@example.net,,,,,234
latashagill@example.net,Male,Gene,Sloan,22,235
kvelazquez@example.com,Male,Sean,Ho,49,236
kristinbarrera@example.com,,,,,237
selena69@example.com,,,,,238
richardbreanna@example.org,,,,,239
galvanjenna@example.com,,,,,240
vchoi@example.org,,,,,241
craigrichmond@example.org,,,,,242
krista18@example.org,,,,,243
tanner75@example.com,Female,Lynn,Holloway,48,244
efrey@example.org,Female,Grace,Khan,26,245
carolynhowe@example.org,Female,Susan,Parks,19,246
douglas91@example.net,Female,Kara,Gates,41,247
aliciaconley@example.com,,,,,248
xfischer@example.com,,,,,249
leslie47@example.org,,,,,250
hobbsvincent@example.com,,,,,251
byang@example.com,,,,,252
stricklandjimmy@example.net,,,,,253
veronica59@example.org,,,,,254
barrysolis@example.org,,,,,255
pettyanita@example.com,Female,Leslie,Chavez,50,256
randallwoodward@example.org,,,,,257
davidsonralph@example.com,,,,,258
spencerrandolph@example.org,,,,,259
kathy23@example.net,,,,,260
sanfordmarc@example.org,,,,,261
dorothyvalenzuela@example.com,,,,,262
angelarowland@example.net,,,,,263
robyn76@example.com,,,,,264
alexandriaboyle@example.org,,,,,265
nboone@example.net,,,,,266
katie55@example.net,Male,Joel,Bryant,18,267
shirley41@example.org,,,,,268
shawna62@example.net,,,,,269
icollins@example.org,Female,Leah,French,44,270
alexandra28@example.com,,,,,271
melissawallace@example.org,,,,,272
kristinanoble@example.org,Female,Penny,Zamora,44,273
tammiegrant@example.org,,,,,274
kurtgaines@example.com,Female,Abigail,Robbins,25,275
shahkelli@example.org,Female,Miranda,Serrano,36,276
samanthasherman@example.com,Female,Tiffany,Brennan,30,277
gmckee@example.net,,,,,278
isharp@example.net,Male,Lucas,Hunter,50,279
lorrainemccall@example.com,Female,Sara,Prince,53,280
jlynn@example.net,,,,,281
yolandastrong@example.net,Female,Sally,Sloan,32,282
leeschneider@example.com,,,,,283
jasminpacheco@example.net,,,,,284
gpowell@example.com,Female,Stefanie,Steele,59,285
fhouston@example.net,Female,Cassandra,Dougherty,22,286
glen20@example.org,,,,,287
mistycowan@example.org,Female,Amber,Ashley,51,288
lindsey56@example.net,Female,Latasha,Reynolds,60,289
ycopeland@example.org,,,,,290
lucasskinner@example.org,Female,Latasha,Bradley,22,291
ybentley@example.com,,,,,292
rkrause@example.com,,,,,293
dianagould@example.org,Male,Roberto,Douglas,48,294
vcampbell@example.org,,,,,295
cbernard@example.com,,,,,296
twarner@example.com,,,,,297
xmartin@example.com,,,,,298
gary85@example.com,Female,Megan,Mcpherson,30,299
mikeholder@example.net,Female,Kristin,Graves,32,300
zclements@example.net,,,,,301
stefanieklein@example.org,,,,,302
thorntonleslie@example.org,Female,Katelyn,Bowers,40,303
warren37@example.net,Female,Carla,Beltran,38,304
grivera@example.com,Male,Jackson,Hodges,58,305
hhuynh@example.org,,,,,306
wsherman@example.com,Female,Andrea,Bowman,63,307
xvang@example.org,Female,Alison,Cooke,44,308
autumn93@example.org,,,,,309
victor47@example.com,Male,Allen,Frye,25,310
frederickwolfe@example.org,Female,Briana,Hull,47,311
kelly74@example.com,,,,,312
johnathanbraun@example.org,,,,,313
francisco46@example.com,,,,,314
devoncarroll@example.net,,,,,315
pam41@example.org,,,,,316
jaime11@example.org,,,,,317
pricenicolas@example.net,,,,,318
ryanann@example.net,,,,,319
rarellano@example.net,,,,,320
adkinskelly@example.net,Female,Cheryl,Reed,56,321
haydenhowe@example.com,,,,,322
megan73@example.org,Male,Ethan,Ramirez,31,323
zholt@example.org,Male,Ricardo,Ryan,44,324
oharding@example.org,,,,,325
terrance11@example.net,Female,Daisy,Eaton,57,326
imorgan@example.net,,,,,327
marilyn66@example.com,Male,Kent,Chang,36,328
caseyisaac@example.com,Female,Julia,Barker,18,329
rickygrimes@example.net,Male,Omar,Kaiser,50,330
fullerkatie@example.org,,,,,331
medwards@example.com,,,,,332
ezavala@example.com,,,,,333
churchjacob@example.com,,,,,334
cmccullough@example.org,Male,Eddie,Gilmore,29,335
yhopkins@example.com,,,,,336
charlene96@example.net,Female,Rhonda,Preston,52,337
mirandacarly@example.com,Male,Preston,Liu,19,338
leonjackson@example.com,Female,Mia,Mann,27,339
simpsonjordan@example.com,Female,Patricia,Herrera,16,340
patriciabailey@example.com,Female,Glenda,Jacobs,51,341
ortizwalter@example.net,,,,,342
flynnkayla@example.com,,,,,343
susan01@example.org,,,,,344
zclayton@example.org,Female,Kathy,Moore,36,345
campossteven@example.com,,,,,346
dunnnorman@example.net,Female,Lynn,Bishop,30,347
hutchinsonjanet@example.com,,,,,348
stefaniedelacruz@example.net,,,,,349
kbennett@example.org,,,,,350
christine51@example.com,,,,,351
anthonykaitlyn@example.net,,,,,352
arthur28@example.net,Female,Brandy,Morris,17,353
alejandrastein@example.org,Female,Jeanne,Bonilla,65,354
kerry25@example.com,,,,,355
cassandrablackburn@example.com,Male,Kirk,Webster,34,356
ronaldmarquez@example.com,Female,Jenna,Strickland,40,357
pearsonerik@example.com,Male,Dennis,Richardson,48,358
treese@example.com,,,,,359
gerald83@example.com,,,,,360
mariagrimes@example.org,,,,,361
bettycisneros@example.net,,,,,362
duncancourtney@example.com,,,,,363
obrock@example.net,Female,Dawn,Snyder,39,364
virginiasuarez@example.org,,,,,365
caleb47@example.com,Male,Brad,Lowe,38,366
montoyaphyllis@example.net,,,,,367
bailey68@example.org,Female,Dominique,Flowers,35,368
ravenholland@example.com,Female,Traci,Wang,60,369
julian13@example.org,,,,,370
daviesruth@example.com,,,,,371
kristinpearson@example.org,Female,Kara,Sweeney,22,372
larsenjose@example.com,Female,Gwendolyn,Ray,55,373
vincent53@example.net,Male,Craig,Weber,29,374
chubbard@example.net,,,,,375
schneiderjonathan@example.org,Male,Darin,Miles,36,376
ohobbs@example.net,,,,,377
craigvang@example.org,Female,Dana,Keller,31,378
mlutz@example.com,,,,,379
ianmarshall@example.org,Female,Terri,Massey,32,380
katelyn65@example.com,,,,,381
franklin92@example.org,Female,Martha,Cowan,60,382
hodgealejandro@example.org,Female,Sonya,Mora,21,383
levigood@example.net,,,,,384
shawna65@example.org,,,,,385
earlenglish@example.com,,,,,386
broy@example.org,,,,,387
eroth@example.net,,,,,388
milesjasmine@example.com,,,,,389
darrylarroyo@example.com,Male,Guy,Rodgers,28,390
julia91@example.org,,,,,391
ogillespie@example.com,,,,,392
cardenasbernard@example.org,Male,Devin,Moore,35,393
stricklandaustin@example.net,Male,Adam,Guzman,50,394
geoffrey40@example.org,,,,,395
sethstuart@example.com,,,,,396
christianrick@example.net,,,,,397
tami67@example.com,,,,,398
chelseyraymond@example.com,,,,,399
gharrington@example.net,,,,,400
tom71@example.com,,,,,401
zfrye@example.net,Female,Kathy,Ellison,47,402
roy78@example.org,,,,,403
vhurst@example.com,,,,,404
guzmanshawna@example.net,,,,,405
swalter@example.com,Female,Kelly,Moss,53,406
jnewman@example.net,,,,,407
hannahmoody@example.org,Female,Madison,Wilson,49,408
cbooth@example.net,,,,,409
juliangallegos@example.com,,,,,410
cheyennewallace@example.org,Male,Terry,Knox,48,411
saravillegas@example.org,Female,Shelby,Padilla,42,412
melinda32@example.org,,,,,413
julianhammond@example.com,,,,,414
edwin78@example.com,,,,,415
tanya68@example.net,,,,,416
mariotorres@example.net,Female,Brittney,Stanley,39,417
osalazar@example.com,Female,Jillian,Duffy,30,418
samanthavega@example.org,,,,,419
elainepacheco@example.org,Female,Bonnie,Oconnor,59,420
maddenleah@example.net,,,,,421
kristanelson@example.org,Female,Tricia,Stein,44,422
dunlapregina@example.com,,,,,423
glenn16@example.com,,,,,424
grossdarren@example.org,,,,,425
uprice@example.com,Male,Raymond,Kennedy,29,426
aimeedalton@example.net,Male,Micheal,Byrd,18,427
clinediamond@example.org,,,,,428
loganbennett@example.net,Female,Priscilla,Greene,29,429
mandy44@example.net,,,,,430
qchurch@example.net,,,,,431
mitchellroth@example.org,Male,Henry,Salazar,27,432
amanda87@example.net,Male,Nathaniel,Bolton,61,433
saunderstommy@example.org,,,,,434
teresa72@example.com,,,,,435
hudsoncheryl@example.org,,,,,436
oliviacrawford@example.com,,,,,437
trevorshelton@example.com,,,,,438
kchase@example.net,Female,Yvonne,Sanford,31,439
tdominguez@example.net,Male,Darryl,Phillips,33,440
xrangel@example.org,,,,,441
rrussell@example.net,,,,,442
theodoreriley@example.net,Female,Hailey,Odonnell,51,443
yayala@example.net,,,,,444
ochurch@example.org,,,,,445
casefrances@example.com,,,,,446
sylvia02@example.org,,,,,447
theodore69@example.net,Male,Angel,Noble,21,448
harperxavier@example.com,,,,,449
leon57@example.com,,,,,450
leachdale@example.org,,,,,451
rford@example.org,Female,Grace,Barber,21,452
stefanie85@example.org,,,,,453
llambert@example.org,,,,,454
glassdevon@example.com,Female,Tammy,Livingston,55,455
kendrabautista@example.net,,,,,456
ruthmullins@example.net,Male,Guy,Morrow,40,457
tabithahanson@example.org,Female,Katrina,Yu,37,458
dhouse@example.org,Male,Brendan,Stevens,42,459
oscar37@example.com,Male,Ricardo,French,23,460
fitzgeraldleonard@example.org,,,,,461
cainheidi@example.com,Female,Amanda,Roman,36,462
billy03@example.com,Female,Kaylee,Hopkins,30,463
phicks@example.org,Female,Monique,Huffman,25,464
leah76@example.org,,,,,465
jodikline@example.org,Female,Joann,Hardin,63,466
uvincent@example.org,,,,,467
doriscarpenter@example.org,Female,Katelyn,Valencia,51,468
hwiley@example.net,,,,,469
cameron56@example.net,,,,,470
ethan17@example.net,,,,,471
jodi50@example.com,,,,,472
tvalentine@example.com,,,,,473
fernandonovak@example.org,,,,,474
derrickosborne@example.net,Female,Natasha,Cisneros,30,475
bduran@example.net,Female,Jacqueline,Orozco,27,476
rglenn@example.com,,,,,477
caitlyncannon@example.com,Female,Norma,Serrano,22,478
zbarron@example.net,,,,,479
zacharypierce@example.com,,,,,480
cristian88@example.org,,,,,481
janice62@example.org,,,,,482
boothcaroline@example.org,,,,,483
cherylochoa@example.net,Male,William,Salas,44,484
jaredschultz@example.com,,,,,485
brianachase@example.net,,,,,486
bridgetrobertson@example.com,Female,Isabel,Green,20,487
ebarry@example.net,,,,,488
bcampbell@example.com,,,,,489
cherrymiranda@example.net,Female,Peggy,Torres,55,490
cruzpatrick@example.net,,,,,491
mlewis@example.net,,,,,492
arthur83@example.com,,,,,493
ivanmora@example.net,,,,,494
qbowen@example.org,Female,Martha,Henson,41,495
cwright@example.org,,,,,496
mossgabriela@example.net,,,,,497
micheleewing@example.net,Female,Catherine,Schultz,30,498
donaldfox@example.net,Female,Joanna,Wu,22,499
brewershane@example.net,,,,,500
